sessionName,time,condition,v_attention1,v_refMovie_1,v_preListOrder_1,v_postListOrder_1,v_listSelectedFrom1,v_movieSelected1,v_moviePosition1,v_clickCount1,v_dragCount1,v_moveDistanceA1,v_moveDistanceC1,v_moveDistanceD1,v_browsingTime1,v_zoomPressed1,q_outc_satisfactionScore1,c_movieInListPos1,v_refMovie_2,v_preListOrder_2,v_postListOrder_2,v_listSelectedFrom2,v_movieSelected2,v_moviePosition2,v_clickCount2,v_dragCount2,v_moveDistanceA2,v_moveDistanceC2,v_moveDistanceD2,v_browsingTime2,v_zoomPressed2,q_outc_satisfactionScore2,c_movieInListPos2,v_refMovie_3,v_preListOrder_3,v_postListOrder_3,v_listSelectedFrom3,v_movieSelected3,v_moviePosition3,v_clickCount3,v_dragCount3,v_moveDistanceA3,v_moveDistanceC3,v_moveDistanceD3,v_browsingTime3,v_zoomPressed3,q_outc_satisfactionScore3,c_movieInListPos3,v_refMovie_4,v_preListOrder_4,v_postListOrder_4,v_listSelectedFrom4,v_movieSelected4,v_moviePosition4,v_clickCount4,v_dragCount4,v_moveDistanceA4,v_moveDistanceC4,v_moveDistanceD4,v_browsingTime4,v_zoomPressed4,q_outc_satisfactionScore4,c_movieInListPos4,v_refMovie_5,v_preListOrder_5,v_postListOrder_5,v_listSelectedFrom5,v_movieSelected5,v_moviePosition5,v_clickCount5,v_dragCount5,v_moveDistanceA5,v_moveDistanceC5,v_moveDistanceD5,v_browsingTime5,v_zoomPressed5,q_outc_satisfactionScore5,c_movieInListPos5,c_moveDistanceAavg,c_moveDistanceCavg,c_moveDistanceDavg,c_clickCountAvg,c_dragCountAvg,c_movieInListPosAvg,c_preferecControl,c_moviePosAvg,v_surveyTime,v_totalTime,v_attention2,q_dem_onlineUsage,q_dem_movieUsage,q_dem_age,c_ageGroup,q_dem_gender,c_dem_genderCat,q_sys_freqUse,q_sys_complex,q_sys_easeUse,q_sys_techNeed,q_sys_funcInteg,q_sys_inconsist,q_sys_learnUse,q_sys_cumbUse,q_sys_confUse,q_sys_learnToUse,c_sys_SUS,q_proc_searchSim,q_proc_decidDiff,q_proc_recImprove,q_proc_control,q_proc_sorting,c_outc_listSatAvg,q_outc_diversity,q_outc_novelty,q_outc_serendipity,q_outc_relevance,q_comment,c_All_IndexAvg,c_Title_IndexAvg,c_Image_IndexAvg,c_Plot_IndexAvg,c_Genre_IndexAvg,c_Stars_IndexAvg,c_Director_IndexAvg,c_Date_IndexAvg,c_Tag_IndexAvg,c_SVD_IndexAvg,c_Baseline_IndexAvg,c_All_Picked,c_Title_Picked,c_Image_Picked,c_Plot_Picked,c_Genre_Picked,c_Stars_Picked,c_Director_Picked,c_Date_Picked,c_Tag_Picked,c_SVD_Picked,c_Baseline_Picked
KG27VL5VAGVJZ,2020-10-09T12:19:30.638Z,3,TRUE,3534.json,Tag-Director-Image-Date-Genre-SVD-Title-Baseline-All-Plot-Stars,Tag-Director-Image-Date-Genre-SVD-Title-Baseline-All-Plot-Stars,Stars,4993.json,10,0,0,0,0,0,38.93,1,5,0,86644.json,Stars-Tag-Director-Image-Date-Genre-SVD-Title-Baseline-All-Plot,Stars-Tag-Director-Image-Date-Genre-SVD-Title-Baseline-All-Plot,Tag,130634.json,1,0,0,0,0,0,12.9,1,5,0,4896.json,Tag-Stars-Director-Image-Date-Genre-SVD-Title-Baseline-All-Plot,Tag-Stars-Director-Image-Date-Genre-SVD-Title-Baseline-All-Plot,Tag,59501.json,0,0,0,0,0,0,9.65,0,4,0,648.json,Tag-Stars-Director-Image-Date-Genre-SVD-Title-Baseline-All-Plot,Tag-Stars-Director-Image-Date-Genre-SVD-Title-Baseline-All-Plot,Tag,4901.json,0,0,0,0,0,0,28.12,0,5,1,3082.json,Tag-Stars-Director-Image-Date-Genre-SVD-Title-Baseline-All-Plot,Tag-Stars-Director-Image-Date-Genre-SVD-Title-Baseline-All-Plot,Tag,63113.json,0,0,0,0,0,0,6.83,0,5,0,0,0,0,0,0,0.2,0,2.2,100.25,412.77,FALSE,2,5,41,3,Male,2,5,4,3,4,5,4,3,4,5,4,52.5,3,5,4,3,4,4.8,4,3,5,4,none,44,34,14,49,24,13,9,19,1,29,39,0,0,0,0,0,1,0,0,4,0,0
KG27WV56TAD43,2020-10-09T12:19:54.827Z,3,FALSE,5066.json,Baseline-All-Plot-Stars-Date-Image-Tag-Title-Director-SVD-Genre,Baseline-All-Plot-Stars-Date-Image-Tag-Title-Director-SVD-Genre,Tag,8533.json,6,0,0,0,0,0,89.71,0,5,1,2719.json,Tag-Baseline-All-Plot-Stars-Date-Image-Title-Director-SVD-Genre,Tag-Baseline-All-Plot-Stars-Date-Image-Title-Director-SVD-Genre,Date,2762.json,5,0,0,0,0,0,21.46,0,5,1,477.json,Tag-Baseline-Date-All-Plot-Stars-Image-Title-Director-SVD-Genre,Tag-Baseline-Date-All-Plot-Stars-Image-Title-Director-SVD-Genre,Stars,93.json,5,0,0,0,0,0,18.42,0,4,3,2517.json,Tag-Baseline-Date-Stars-All-Plot-Image-Title-Director-SVD-Genre,Tag-Baseline-Date-Stars-All-Plot-Image-Title-Director-SVD-Genre,Director,332.json,8,0,0,0,0,0,35.2,0,3,4,51077.json,Tag-Baseline-Date-Stars-All-Plot-Director-Image-Title-SVD-Genre,Tag-Baseline-Date-Stars-All-Plot-Director-Image-Title-SVD-Genre,Director,4876.json,6,0,0,0,0,0,39.39,0,4,2,0,0,0,0,0,2.2,0,6,126.19,717.53,TRUE,1,5,34,2,Female,1,4,1,5,1,4,2,3,2,4,1,82.5,4,3,4,4,5,4.2,4,2,3,3,I do not have any comments. Thanks,14,36,30,19,50,18,38,15,6,45,4,0,0,0,0,0,1,2,1,1,0,0
KG27VY9KMSW2Y,2020-10-09T12:20:23.040Z,3,TRUE,117529.json,Image-Plot-Date-Baseline-Genre-Title-Stars-Tag-Director-SVD-All,Image-Plot-Date-Baseline-Genre-Title-Stars-Tag-Director-SVD-All,Plot,1544.json,1,0,0,0,0,0,27.93,0,5,3,6155.json,Plot-Image-Date-Baseline-Genre-Title-Stars-Tag-Director-SVD-All,Plot-Image-Date-Baseline-Genre-Title-Stars-Tag-Director-SVD-All,Stars,3897.json,6,0,0,0,0,0,48.95,2,3,1,4369.json,Plot-Image-Date-Stars-Baseline-Genre-Title-Tag-Director-SVD-All,Plot-Image-Date-Stars-Baseline-Genre-Title-Tag-Director-SVD-All,Image,1608.json,1,0,0,0,0,0,14.64,0,2,0,1088.json,Plot-Image-Date-Stars-Baseline-Genre-Title-Tag-Director-SVD-All,Plot-Image-Date-Stars-Baseline-Genre-Title-Tag-Director-SVD-All,Tag,1380.json,7,0,0,0,0,0,53.49,0,2,0,115149.json,Plot-Image-Date-Stars-Baseline-Genre-Tag-Title-Director-SVD-All,Plot-Image-Date-Stars-Baseline-Genre-Tag-Title-Director-SVD-All,Plot,1573.json,0,0,0,0,0,0,7.32,0,5,3,0,0,0,0,0,1.4,0,3,90.64,411.73,TRUE,2,1,36,3,Female,1,3,1,5,1,4,1,4,1,4,1,87.5,1,1,2,4,3,3.4,4,4,4,3,This was an interesting concept. We are always looking for movies to watch. ,50,29,4,1,23,21,40,10,34,45,18,0,0,1,2,0,1,0,0,1,0,0
KG27W6TYCUTYR,2020-10-09T12:20:32.411Z,3,FALSE,3825.json,All-Baseline-Director-Date-Stars-Title-Image-SVD-Plot-Tag-Genre,All-Baseline-Director-Date-Stars-Title-Image-SVD-Plot-Tag-Genre,Image,7046.json,6,0,0,0,0,0,43.13,1,3,1,88405.json,Image-All-Baseline-Director-Date-Stars-Title-SVD-Plot-Tag-Genre,Image-All-Baseline-Director-Date-Stars-Title-SVD-Plot-Tag-Genre,All,84374.json,1,0,0,0,0,0,18.57,1,3,4,56367.json,All-Image-Baseline-Director-Date-Stars-Title-SVD-Plot-Tag-Genre,All-Image-Baseline-Director-Date-Stars-Title-SVD-Plot-Tag-Genre,Director,2581.json,3,0,0,0,0,0,18.9,1,4,1,3186.json,All-Image-Director-Baseline-Date-Stars-Title-SVD-Plot-Tag-Genre,All-Image-Director-Baseline-Date-Stars-Title-SVD-Plot-Tag-Genre,Plot,74789.json,8,0,0,0,0,0,31.51,1,2,4,111659.json,All-Image-Director-Baseline-Date-Stars-Plot-Title-SVD-Tag-Genre,All-Image-Director-Baseline-Date-Stars-Plot-Title-SVD-Tag-Genre,Tag,2125.json,9,0,0,0,0,0,16.06,1,3,4,0,0,0,0,0,2.8,0,5.4,83.31,396.61,TRUE,2,2,38,3,Female,1,3,4,3,1,2,4,3,4,2,2,45,3,4,2,2,3,3,3,4,3,2,,1,30,9,38,50,24,12,19,45,36,11,1,0,1,1,0,0,1,0,1,0,0
KG27VO21VCSQM,2020-10-09T12:20:52.037Z,3,TRUE,8533.json,Date-Plot-Title-Genre-Image-All-SVD-Director-Tag-Stars-Baseline,Date-Plot-Title-Genre-Image-All-SVD-Director-Tag-Stars-Baseline,Director,7151.json,7,0,0,0,0,0,147.77,0,3,1,39183.json,Director-Date-Plot-Title-Genre-Image-All-SVD-Tag-Stars-Baseline,Director-Date-Plot-Title-Genre-Image-All-SVD-Tag-Stars-Baseline,Genre,74.json,4,0,0,0,0,0,41.45,0,3,0,105844.json,Director-Date-Genre-Plot-Title-Image-All-SVD-Tag-Stars-Baseline,Director-Date-Genre-Plot-Title-Image-All-SVD-Tag-Stars-Baseline,Genre,63876.json,2,0,0,0,0,0,42.57,0,4,0,2313.json,Director-Genre-Date-Plot-Title-Image-All-SVD-Tag-Stars-Baseline,Director-Genre-Date-Plot-Title-Image-All-SVD-Tag-Stars-Baseline,Genre,69640.json,1,0,0,0,0,0,38.66,0,4,4,1088.json,Director-Genre-Date-Plot-Title-Image-All-SVD-Tag-Stars-Baseline,Director-Genre-Date-Plot-Title-Image-All-SVD-Tag-Stars-Baseline,Genre,54190.json,1,0,0,0,0,0,37.51,0,4,3,0,0,0,0,0,1.6,0,3,121.7,737.22,TRUE,4,0,63,5,Female,1,4,2,4,1,4,2,5,1,4,1,85,2,2,4,3,4,3.6,4,5,4,3,n/a,29,17,24,12,11,45,7,6,40,34,50,0,0,0,0,4,0,1,0,0,0,0
KG27Y477X1KZP,2020-10-09T12:21:53.976Z,3,FALSE,88810.json,Baseline-Date-Stars-Tag-Image-Plot-SVD-Director-Genre-Title-All,Baseline-Date-Stars-Tag-Image-Plot-SVD-Director-Genre-Title-All,Image,46578.json,4,0,0,0,0,0,53.77,0,2,0,69.json,Image-Baseline-Date-Stars-Tag-Plot-SVD-Director-Genre-Title-All,Image-Baseline-Date-Stars-Tag-Plot-SVD-Director-Genre-Title-All,Date,147.json,2,0,0,0,0,0,28.24,0,4,1,2572.json,Image-Date-Baseline-Stars-Tag-Plot-SVD-Director-Genre-Title-All,Image-Date-Baseline-Stars-Tag-Plot-SVD-Director-Genre-Title-All,Plot,2144.json,5,0,0,0,0,0,25.5,0,5,0,2082.json,Image-Date-Baseline-Plot-Stars-Tag-SVD-Director-Genre-Title-All,Image-Date-Baseline-Plot-Stars-Tag-SVD-Director-Genre-Title-All,Tag,1302.json,5,0,0,0,0,0,26.17,0,5,1,253.json,Image-Date-Baseline-Tag-Plot-Stars-SVD-Director-Genre-Title-All,Image-Date-Baseline-Tag-Plot-Stars-SVD-Director-Genre-Title-All,Plot,5992.json,4,0,0,0,0,0,27.82,0,4,0,0,0,0,0,0,0.4,0,4,97,441.99,TRUE,2,2,32,2,Female,1,5,1,5,1,3,1,4,1,5,1,92.5,1,1,4,5,4,4,4,4,5,5,none,50,45,4,22,40,17,35,6,19,30,7,0,0,1,2,0,0,0,1,1,0,0
KG27Z0Y7TIYIQ,2020-10-09T12:22:44.563Z,3,TRUE,2513.json,Image-Date-Plot-Director-All-SVD-Title-Baseline-Tag-Stars-Genre,Image-Date-Plot-Director-All-SVD-Title-Baseline-Tag-Stars-Genre,Director,1974.json,3,0,0,0,0,0,45.84,0,5,4,1259.json,Director-Image-Date-Plot-All-SVD-Title-Baseline-Tag-Stars-Genre,Director-Image-Date-Plot-All-SVD-Title-Baseline-Tag-Stars-Genre,All,3949.json,4,0,0,0,0,0,31.41,0,5,0,3499.json,Director-Image-All-Date-Plot-SVD-Title-Baseline-Tag-Stars-Genre,Director-Image-All-Date-Plot-SVD-Title-Baseline-Tag-Stars-Genre,Image,1345.json,1,0,0,0,0,0,8.06,0,5,1,8914.json,Director-Image-All-Date-Plot-SVD-Title-Baseline-Tag-Stars-Genre,Director-Image-All-Date-Plot-SVD-Title-Baseline-Tag-Stars-Genre,Director,52458.json,0,0,0,0,0,0,17.12,0,5,2,318.json,Director-Image-All-Date-Plot-SVD-Title-Baseline-Tag-Stars-Genre,Director-Image-All-Date-Plot-SVD-Title-Baseline-Tag-Stars-Genre,Director,3147.json,0,0,0,0,0,0,6.99,0,5,0,0,0,0,0,0,1.4,0,1.6,64.87,354.04,TRUE,1,7,32,2,Female,1,5,1,5,1,5,1,5,1,4,1,97.5,1,1,3,5,1,5,5,5,5,5,fun!,14,30,4,17,50,45,3,12,40,25,35,1,0,1,0,0,0,3,0,0,0,0
KG27ZPPDSQ1DL,2020-10-09T12:23:10.921Z,3,FALSE,1721.json,Baseline-Stars-Plot-Tag-SVD-Date-Genre-Director-Title-All-Image,Baseline-Stars-Plot-Tag-SVD-Date-Genre-Director-Title-All-Image,Image,8373.json,10,0,0,0,0,0,91.99,1,5,2,8961.json,Image-Baseline-Stars-Plot-Tag-SVD-Date-Genre-Director-Title-All,Image-Baseline-Stars-Plot-Tag-SVD-Date-Genre-Director-Title-All,Image,59784.json,0,0,0,0,0,0,11.12,0,4,2,858.json,Image-Baseline-Stars-Plot-Tag-SVD-Date-Genre-Director-Title-All,Image-Baseline-Stars-Plot-Tag-SVD-Date-Genre-Director-Title-All,Image,6664.json,0,0,0,0,0,0,36.01,0,3,1,318.json,Image-Baseline-Stars-Plot-Tag-SVD-Date-Genre-Director-Title-All,Image-Baseline-Stars-Plot-Tag-SVD-Date-Genre-Director-Title-All,Image,1183.json,0,0,0,0,0,0,65.34,0,5,4,2116.json,Image-Baseline-Stars-Plot-Tag-SVD-Date-Genre-Director-Title-All,Image-Baseline-Stars-Plot-Tag-SVD-Date-Genre-Director-Title-All,Image,4993.json,0,0,0,0,0,0,40.19,0,4,2,0,0,0,0,0,2.2,0,2,189.21,1077.99,FALSE,2,4,27,2,Male,2,4,1,3,4,3,3,2,4,4,4,50,3,4,4,5,4,4.2,3,4,4,5,Very very interesting survey to do.,49,44,10,14,34,9,39,29,19,24,4,0,0,5,0,0,0,0,0,0,0,0
KG27Y4BEE3JTV,2020-10-09T12:23:14.489Z,3,TRUE,2990.json,Image-Baseline-Plot-Title-Stars-Genre-All-Director-Tag-SVD-Date,Image-Baseline-Plot-Title-Stars-Genre-All-Director-Tag-SVD-Date,Title,104211.json,3,0,0,0,0,0,87.09,0,5,3,2640.json,Title-Image-Baseline-Plot-Stars-Genre-All-Director-Tag-SVD-Date,Title-Image-Baseline-Plot-Stars-Genre-All-Director-Tag-SVD-Date,Title,8636.json,0,0,0,0,0,0,13.12,0,5,3,260.json,Title-Image-Baseline-Plot-Stars-Genre-All-Director-Tag-SVD-Date,Title-Image-Baseline-Plot-Stars-Genre-All-Director-Tag-SVD-Date,Title,737.json,0,0,0,0,0,0,23.29,0,5,4,94677.json,Title-Image-Baseline-Plot-Stars-Genre-All-Director-Tag-SVD-Date,Title-Image-Baseline-Plot-Stars-Genre-All-Director-Tag-SVD-Date,SVD,119141.json,9,0,0,0,0,0,22.13,0,5,0,3701.json,Title-Image-Baseline-Plot-Stars-Genre-All-SVD-Director-Tag-Date,Title-Image-Baseline-Plot-Stars-Genre-All-SVD-Director-Tag-Date,Title,87430.json,0,0,0,0,0,0,17.58,0,4,4,0,0,0,0,0,2.8,0,2.4,427.49,1089.17,TRUE,1,7,32,2,Female,1,4,4,5,1,5,1,5,1,5,1,90,1,1,5,5,5,4.8,4,5,5,5,this method was so useful,30,3,4,14,25,20,36,50,41,43,9,0,4,0,0,0,0,0,0,0,1,0
KG2812HKCDDQV,2020-10-09T12:23:44.056Z,3,FALSE,3168.json,Tag-Date-Baseline-Genre-SVD-Director-Plot-Image-Stars-All-Title,Tag-Date-Baseline-Genre-SVD-Director-Plot-Image-Stars-All-Title,Tag,97.json,0,0,0,0,0,0,4.45,0,3,3,374.json,Tag-Date-Baseline-Genre-SVD-Director-Plot-Image-Stars-All-Title,Tag-Date-Baseline-Genre-SVD-Director-Plot-Image-Stars-All-Title,Date,231.json,1,0,0,0,0,0,5.29,0,4,1,2121.json,Tag-Date-Baseline-Genre-SVD-Director-Plot-Image-Stars-All-Title,Tag-Date-Baseline-Genre-SVD-Director-Plot-Image-Stars-All-Title,Tag,879.json,0,0,0,0,0,0,7.57,0,4,2,8376.json,Tag-Date-Baseline-Genre-SVD-Director-Plot-Image-Stars-All-Title,Tag-Date-Baseline-Genre-SVD-Director-Plot-Image-Stars-All-Title,Tag,223.json,0,0,0,0,0,0,3.04,0,4,3,540.json,Tag-Date-Baseline-Genre-SVD-Director-Plot-Image-Stars-All-Title,Tag-Date-Baseline-Genre-SVD-Director-Plot-Image-Stars-All-Title,All,140174.json,9,0,0,0,0,0,7.84,0,4,4,0,0,0,0,0,2.6,0,2,125.35,301.36,FALSE,2,4,28,2,Male,2,3,4,3,2,3,3,2,3,4,3,50,2,3,4,3,3,3.8,3,2,3,4,nice study,45,50,35,30,15,40,25,5,0,20,10,1,0,0,0,0,0,0,1,3,0,0
KG27VFZXFDLCY,2020-10-09T12:25:22.186Z,3,FALSE,1952.json,Director-Baseline-Stars-Title-Image-Tag-All-Genre-Date-SVD-Plot,Director-Baseline-Stars-Title-Image-Tag-All-Genre-Date-SVD-Plot,Plot,2518.json,10,0,0,0,0,0,76.91,0,2,2,69844.json,Plot-Director-Baseline-Stars-Title-Image-Tag-All-Genre-Date-SVD,Plot-Director-Baseline-Stars-Title-Image-Tag-All-Genre-Date-SVD,Title,81834.json,4,0,0,0,0,0,17.62,0,5,1,1271.json,Plot-Director-Title-Baseline-Stars-Image-Tag-All-Genre-Date-SVD,Plot-Director-Title-Baseline-Stars-Image-Tag-All-Genre-Date-SVD,Director,2324.json,1,0,0,0,0,0,17.41,0,5,0,4321.json,Plot-Director-Title-Baseline-Stars-Image-Tag-All-Genre-Date-SVD,Plot-Director-Title-Baseline-Stars-Image-Tag-All-Genre-Date-SVD,Director,383.json,1,0,0,0,0,0,13.99,0,3,2,8957.json,Director-Plot-Title-Baseline-Stars-Image-Tag-All-Genre-Date-SVD,Director-Plot-Title-Baseline-Stars-Image-Tag-All-Genre-Date-SVD,Plot,628.json,1,0,0,0,0,0,25.24,0,5,0,0,0,0,0,0,1,0,3.4,166.8,988.84,TRUE,1,7,31,2,Male,2,3,1,4,4,3,3,5,1,4,1,72.5,1,4,3,4,4,4,4,3,3,3,This was interesting and fun . I felt like most of the recommendations where on par.,34,13,24,11,39,17,3,44,29,49,12,0,1,0,2,0,0,2,0,0,0,0
KG284B9P1H4JB,2020-10-09T12:27:15.127Z,3,TRUE,56782.json,Director-Title-Stars-Tag-Date-All-Baseline-SVD-Plot-Genre-Image,Director-Title-Stars-Tag-Date-All-Baseline-SVD-Plot-Genre-Image,Director,80463.json,0,0,0,0,0,0,171.17,2,4,4,148626.json,Director-Title-Stars-Tag-Date-All-Baseline-SVD-Plot-Genre-Image,Director-Title-Stars-Tag-Date-All-Baseline-SVD-Plot-Genre-Image,Tag,300.json,3,0,0,0,0,0,69.28,0,2,4,608.json,Director-Tag-Title-Stars-Date-All-Baseline-SVD-Plot-Genre-Image,Director-Tag-Title-Stars-Date-All-Baseline-SVD-Plot-Genre-Image,Stars,61323.json,3,0,0,0,0,0,66.33,0,5,2,1965.json,Director-Stars-Tag-Title-Date-All-Baseline-SVD-Plot-Genre-Image,Director-Stars-Tag-Title-Date-All-Baseline-SVD-Plot-Genre-Image,Date,2021.json,4,0,0,0,0,0,42.71,0,2,3,2921.json,Director-Stars-Tag-Title-Date-All-Baseline-SVD-Plot-Genre-Image,Director-Stars-Tag-Title-Date-All-Baseline-SVD-Plot-Genre-Image,Director,3508.json,0,0,0,0,0,0,20.75,0,5,2,0,0,0,0,0,3,0,2,117.57,799.02,TRUE,2,2,51,4,Male,2,4,1,5,1,4,2,4,1,4,1,87.5,1,1,4,4,4,3.6,4,3,4,4,Nice,25,10,50,40,45,9,0,20,11,35,30,0,0,0,0,0,1,2,1,1,0,0
KG286JYEZKGIL,2020-10-09T12:28:38.463Z,3,TRUE,4734.json,Title-Stars-All-Tag-Baseline-Date-Plot-Genre-SVD-Image-Director,Title-Stars-All-Tag-Baseline-Date-Plot-Genre-SVD-Image-Director,All,45728.json,2,0,0,0,0,0,54.65,0,4,0,3671.json,All-Title-Stars-Tag-Baseline-Date-Plot-Genre-SVD-Image-Director,All-Title-Stars-Tag-Baseline-Date-Plot-Genre-SVD-Image-Director,Tag,1288.json,3,0,0,0,0,0,46.99,0,5,1,316.json,All-Tag-Title-Stars-Baseline-Date-Plot-Genre-SVD-Image-Director,All-Tag-Title-Stars-Baseline-Date-Plot-Genre-SVD-Image-Director,Genre,68358.json,7,0,0,0,0,0,68.58,0,5,0,333.json,All-Tag-Title-Stars-Baseline-Genre-Date-Plot-SVD-Image-Director,All-Tag-Title-Stars-Baseline-Genre-Date-Plot-SVD-Image-Director,Tag,785.json,1,0,0,0,0,0,29.42,0,5,3,135.json,All-Tag-Title-Stars-Baseline-Genre-Date-Plot-SVD-Image-Director,All-Tag-Title-Stars-Baseline-Genre-Date-Plot-SVD-Image-Director,Tag,2478.json,1,0,0,0,0,0,133.35,2,3,2,0,0,0,0,0,1.2,0,2.8,224.18,799.85,TRUE,2,1,37,3,Male,2,4,1,5,1,4,3,5,1,5,1,90,1,4,3,4,1,4.4,3,5,5,4,"This seems a lot better than Netflix's current algorithm. There's never any sort of variety there, and when they DO have one I'm interested in, it's always the second movie in the series, or a the 10th that went direct to DVD",2,7,45,32,31,12,50,27,9,40,20,1,0,0,0,1,0,0,0,3,0,0
KG285VHBBC551,2020-10-09T12:29:14.193Z,3,FALSE,4368.json,Title-SVD-Baseline-All-Date-Stars-Genre-Director-Image-Tag-Plot,Title-SVD-Baseline-All-Date-Stars-Genre-Director-Image-Tag-Plot,Stars,78637.json,5,0,0,0,0,0,57.3,0,4,1,3785.json,Stars-Title-SVD-Baseline-All-Date-Genre-Director-Image-Tag-Plot,Stars-Title-SVD-Baseline-All-Date-Genre-Director-Image-Tag-Plot,Stars,4388.json,0,0,0,0,0,0,34.43,2,5,0,166528.json,Stars-Title-SVD-Baseline-All-Date-Genre-Director-Image-Tag-Plot,Stars-Title-SVD-Baseline-All-Date-Genre-Director-Image-Tag-Plot,All,87430.json,4,0,0,0,0,0,43.19,0,2,2,122904.json,Stars-Title-SVD-All-Baseline-Date-Genre-Director-Image-Tag-Plot,Stars-Title-SVD-All-Baseline-Date-Genre-Director-Image-Tag-Plot,Image,90249.json,8,0,0,0,0,0,43.91,0,5,1,58559.json,Stars-Title-SVD-All-Baseline-Date-Image-Genre-Director-Tag-Plot,Stars-Title-SVD-All-Baseline-Date-Image-Genre-Director-Tag-Plot,Director,79132.json,8,0,0,0,0,0,67.86,0,3,1,0,0,0,0,0,1,0,5,193.93,947.88,TRUE,1,3,35,3,Female,1,4,2,5,4,4,2,5,4,4,5,62.5,4,3,4,3,4,3.8,5,5,4,4,The recommendations are similar to search item,17,4,38,50,31,5,36,24,45,9,16,1,0,1,0,0,2,1,0,0,0,0
KG2888RCQ5R9S,2020-10-09T12:30:49.994Z,3,TRUE,750.json,Title-Image-Baseline-Director-All-Stars-Plot-Date-Genre-Tag-SVD,Title-Image-Baseline-Director-All-Stars-Plot-Date-Genre-Tag-SVD,Title,316.json,0,0,0,0,0,0,213.49,2,2,2,1196.json,Title-Image-Baseline-Director-All-Stars-Plot-Date-Genre-Tag-SVD,Title-Image-Baseline-Director-All-Stars-Plot-Date-Genre-Tag-SVD,Baseline,3638.json,2,0,0,0,0,0,80.13,0,1,4,784.json,Title-Baseline-Image-Director-All-Stars-Plot-Date-Genre-Tag-SVD,Title-Baseline-Image-Director-All-Stars-Plot-Date-Genre-Tag-SVD,Title,3098.json,0,0,0,0,0,0,66.09,0,1,3,3698.json,Title-Baseline-Image-Director-All-Stars-Plot-Date-Genre-Tag-SVD,Title-Baseline-Image-Director-All-Stars-Plot-Date-Genre-Tag-SVD,Stars,1587.json,5,0,0,0,0,0,57.72,0,2,3,1270.json,Title-Baseline-Image-Director-Stars-All-Plot-Date-Genre-Tag-SVD,Title-Baseline-Image-Director-Stars-All-Plot-Date-Genre-Tag-SVD,Image,3959.json,2,0,0,0,0,0,90.36,0,2,4,0,0,0,0,0,3.2,0,1.8,103.97,864.06,TRUE,4,1,42,3,Male,2,1,4,3,1,2,5,4,2,1,1,45,4,5,2,1,3,1.6,5,4,2,1,No issues or comments.  Thanks.,21,0,8,30,40,24,15,35,45,50,7,0,2,1,0,0,1,0,0,0,0,1
KG2886XO6W8NG,2020-10-09T12:30:55.178Z,3,FALSE,96821.json,Title-Genre-Director-Stars-Date-SVD-Image-Baseline-Plot-All-Tag,Title-Genre-Director-Stars-Date-SVD-Image-Baseline-Plot-All-Tag,Director,78574.json,2,0,0,0,0,0,42.93,0,4,2,7451.json,Director-Title-Genre-Stars-Date-SVD-Image-Baseline-Plot-All-Tag,Director-Title-Genre-Stars-Date-SVD-Image-Baseline-Plot-All-Tag,Director,6593.json,0,0,0,0,0,0,30.05,0,5,0,86833.json,Director-Title-Genre-Stars-Date-SVD-Image-Baseline-Plot-All-Tag,Director-Title-Genre-Stars-Date-SVD-Image-Baseline-Plot-All-Tag,SVD,88405.json,5,0,0,0,0,0,47.83,0,4,4,6377.json,Director-Title-Genre-SVD-Stars-Date-Image-Baseline-Plot-All-Tag,Director-Title-Genre-SVD-Stars-Date-Image-Baseline-Plot-All-Tag,Genre,33615.json,2,0,0,0,0,0,19.62,0,4,1,78772.json,Director-Title-Genre-SVD-Stars-Date-Image-Baseline-Plot-All-Tag,Director-Title-Genre-SVD-Stars-Date-Image-Baseline-Plot-All-Tag,Date,80463.json,5,0,0,0,0,0,34.83,0,4,3,0,0,0,0,0,2,0,2.8,159.85,628.68,TRUE,2,2,38,3,Male,2,4,2,4,2,4,1,4,3,4,1,77.5,2,2,3,3,4,4.2,4,4,4,4,nice different survey. It was fun,45,4,30,40,9,17,2,22,50,21,35,0,0,0,0,1,0,2,1,0,1,0
KG28AWBVH91Q9,2020-10-09T12:31:51.821Z,3,FALSE,103688.json,Baseline-Image-Tag-All-Title-Director-Stars-Date-SVD-Genre-Plot,Baseline-Image-Tag-All-Title-Director-Stars-Date-SVD-Genre-Plot,Baseline,104879.json,0,0,0,0,0,0,97.35,2,5,4,586.json,Baseline-Image-Tag-All-Title-Director-Stars-Date-SVD-Genre-Plot,Baseline-Image-Tag-All-Title-Director-Stars-Date-SVD-Genre-Plot,Director,5816.json,5,0,0,0,0,0,46.87,0,4,1,780.json,Baseline-Image-Director-Tag-All-Title-Stars-Date-SVD-Genre-Plot,Baseline-Image-Director-Tag-All-Title-Stars-Date-SVD-Genre-Plot,Image,112290.json,1,0,0,0,0,0,43.99,1,5,4,2719.json,Baseline-Image-Director-Tag-All-Title-Stars-Date-SVD-Genre-Plot,Baseline-Image-Director-Tag-All-Title-Stars-Date-SVD-Genre-Plot,Baseline,2408.json,0,0,0,0,0,0,12.71,1,3,4,5308.json,Baseline-Image-Director-Tag-All-Title-Stars-Date-SVD-Genre-Plot,Baseline-Image-Director-Tag-All-Title-Stars-Date-SVD-Genre-Plot,Baseline,2139.json,0,0,0,0,0,0,42.44,1,5,4,0,0,0,0,0,3.4,0,1.2,225.22,849.66,TRUE,2,5,32,2,Male,2,5,4,4,3,4,5,4,3,5,4,57.5,5,4,3,4,4,4.4,5,4,3,5,"NICE EXPERIENCE,VERY INTERESTING",18,23,5,50,45,30,16,35,13,40,0,0,0,1,0,0,0,1,0,0,0,3
KG28F4SDR9ELC,2020-10-09T12:34:44.666Z,3,FALSE,4896.json,Title-Stars-Tag-Genre-Director-Date-Plot-SVD-All-Baseline-Image,Title-Stars-Tag-Genre-Director-Date-Plot-SVD-All-Baseline-Image,Title,46335.json,0,0,0,0,0,0,54.24,0,5,4,4369.json,Title-Stars-Tag-Genre-Director-Date-Plot-SVD-All-Baseline-Image,Title-Stars-Tag-Genre-Director-Date-Plot-SVD-All-Baseline-Image,Title,2662.json,0,0,0,0,0,0,4.28,0,5,4,118696.json,Title-Stars-Tag-Genre-Director-Date-Plot-SVD-All-Baseline-Image,Title-Stars-Tag-Genre-Director-Date-Plot-SVD-All-Baseline-Image,Title,585.json,0,0,0,0,0,0,5.32,0,5,4,2034.json,Title-Stars-Tag-Genre-Director-Date-Plot-SVD-All-Baseline-Image,Title-Stars-Tag-Genre-Director-Date-Plot-SVD-All-Baseline-Image,Title,2739.json,0,0,0,0,0,0,3.7,0,4,3,145.json,Title-Stars-Tag-Genre-Director-Date-Plot-SVD-All-Baseline-Image,Title-Stars-Tag-Genre-Director-Date-Plot-SVD-All-Baseline-Image,Stars,47099.json,1,0,0,0,0,0,6.28,0,5,4,0,0,0,0,0,3.8,0,0.2,109.47,412.02,TRUE,1,7,40,3,Male,2,5,2,5,5,5,5,5,5,5,2,65,2,2,4,5,5,4.8,4,4,4,5,It was straightforward,40,0,50,30,15,5,20,25,10,35,45,0,4,0,0,0,1,0,0,0,0,0
KG28865G9GM1C,2020-10-09T12:37:47.792Z,3,FALSE,3007.json,Title-Tag-Genre-Stars-All-Date-Director-Plot-SVD-Image-Baseline,Title-Tag-Genre-Stars-All-Date-Director-Plot-SVD-Image-Baseline,Title,3363.json,0,0,0,0,0,0,20.04,2,4,0,5785.json,Title-Tag-Genre-Stars-All-Date-Director-Plot-SVD-Image-Baseline,Title-Tag-Genre-Stars-All-Date-Director-Plot-SVD-Image-Baseline,Title,585.json,0,0,0,0,0,0,10.02,1,4,0,3785.json,Title-Tag-Genre-Stars-All-Date-Director-Plot-SVD-Image-Baseline,Title-Tag-Genre-Stars-All-Date-Director-Plot-SVD-Image-Baseline,Title,239.json,0,0,0,0,0,0,4.56,0,4,2,54272.json,Title-Tag-Genre-Stars-All-Date-Director-Plot-SVD-Image-Baseline,Title-Tag-Genre-Stars-All-Date-Director-Plot-SVD-Image-Baseline,Title,6662.json,0,0,0,0,0,0,7.25,0,5,3,4006.json,Title-Tag-Genre-Stars-All-Date-Director-Plot-SVD-Image-Baseline,Title-Tag-Genre-Stars-All-Date-Director-Plot-SVD-Image-Baseline,Tag,1920.json,1,0,0,0,0,0,4.46,0,4,0,0,0,0,0,0,1,0,0.2,78.21,773.74,FALSE,2,4,30,2,Female,1,4,5,4,5,4,5,4,5,4,5,37.5,4,5,4,5,4,4.2,4,5,4,5,GOOD,20,0,45,35,10,15,30,25,5,40,50,0,4,0,0,0,0,0,0,1,0,0
KG28I8VZ1DKJQ,2020-10-09T12:38:09.649Z,3,FALSE,103688.json,All-Tag-Date-Stars-Director-Plot-SVD-Baseline-Title-Genre-Image,All-Tag-Date-Stars-Director-Plot-SVD-Baseline-Title-Genre-Image,Director,130634.json,4,0,0,0,0,0,59.42,2,5,1,4369.json,Director-All-Tag-Date-Stars-Plot-SVD-Baseline-Title-Genre-Image,Director-All-Tag-Date-Stars-Plot-SVD-Baseline-Title-Genre-Image,Date,4368.json,3,0,0,0,0,0,44.46,0,5,0,59315.json,Director-Date-All-Tag-Stars-Plot-SVD-Baseline-Title-Genre-Image,Director-Date-All-Tag-Stars-Plot-SVD-Baseline-Title-Genre-Image,Director,60040.json,0,0,0,0,0,0,32.64,0,4,4,6534.json,Director-Date-All-Tag-Stars-Plot-SVD-Baseline-Title-Genre-Image,Director-Date-All-Tag-Stars-Plot-SVD-Baseline-Title-Genre-Image,Director,97938.json,0,0,0,0,0,0,14.05,0,4,3,1300.json,Director-Date-All-Tag-Stars-Plot-SVD-Baseline-Title-Genre-Image,Director-Date-All-Tag-Stars-Plot-SVD-Baseline-Title-Genre-Image,Director,195.json,0,0,0,0,0,0,159.12,0,4,1,0,0,0,0,0,1.8,0,1.4,89.78,794.59,FALSE,1,4,32,2,Female,1,4,2,3,4,3,4,4,5,2,3,45,4,3,4,4,3,4.4,3,5,4,3,NICE,7,40,50,25,45,19,4,8,12,30,35,0,0,0,0,0,0,4,1,0,0,0
KG28LJBPRUNYY,2020-10-09T12:40:09.787Z,3,FALSE,77561.json,Director-SVD-Date-Title-Stars-Baseline-All-Plot-Image-Tag-Genre,Director-SVD-Date-Title-Stars-Baseline-All-Plot-Image-Tag-Genre,Director,122904.json,0,0,0,0,0,0,189.04,3,5,0,3083.json,Director-SVD-Date-Title-Stars-Baseline-All-Plot-Image-Tag-Genre,Director-SVD-Date-Title-Stars-Baseline-All-Plot-Image-Tag-Genre,Director,5878.json,0,0,0,0,0,0,24.46,1,4,0,1033.json,Director-SVD-Date-Title-Stars-Baseline-All-Plot-Image-Tag-Genre,Director-SVD-Date-Title-Stars-Baseline-All-Plot-Image-Tag-Genre,Director,2090.json,0,0,0,0,0,0,19.46,1,4,0,208.json,Director-SVD-Date-Title-Stars-Baseline-All-Plot-Image-Tag-Genre,Director-SVD-Date-Title-Stars-Baseline-All-Plot-Image-Tag-Genre,Director,5064.json,0,0,0,0,0,0,20.59,0,5,1,30822.json,Director-SVD-Date-Title-Stars-Baseline-All-Plot-Image-Tag-Genre,Director-SVD-Date-Title-Stars-Baseline-All-Plot-Image-Tag-Genre,Director,5377.json,0,0,0,0,0,0,17.47,1,5,0,0,0,0,0,0,0.2,0,0,457.62,1123.39,TRUE,1,6,45,4,Male,2,4,3,5,4,5,2,4,3,5,4,67.5,2,3,4,3,4,4.6,4,5,3,4,I can enjoy advertisement-free movies in Netflix,30,15,40,35,50,20,0,10,45,5,25,0,0,0,0,0,0,5,0,0,0,0
KG28UVB2B65KZ,2020-10-09T12:47:12.959Z,3,TRUE,4896.json,Director-SVD-Baseline-Image-All-Genre-Tag-Stars-Plot-Date-Title,Director-SVD-Baseline-Image-All-Genre-Tag-Stars-Plot-Date-Title,SVD,5459.json,1,0,0,0,0,0,18.18,0,4,2,1240.json,SVD-Director-Baseline-Image-All-Genre-Tag-Stars-Plot-Date-Title,SVD-Director-Baseline-Image-All-Genre-Tag-Stars-Plot-Date-Title,SVD,589.json,0,0,0,0,0,0,6.55,0,4,0,54001.json,SVD-Director-Baseline-Image-All-Genre-Tag-Stars-Plot-Date-Title,SVD-Director-Baseline-Image-All-Genre-Tag-Stars-Plot-Date-Title,SVD,106489.json,0,0,0,0,0,0,7.98,0,4,2,5816.json,SVD-Director-Baseline-Image-All-Genre-Tag-Stars-Plot-Date-Title,SVD-Director-Baseline-Image-All-Genre-Tag-Stars-Plot-Date-Title,Director,2953.json,1,0,0,0,0,0,9.76,0,4,1,586.json,SVD-Director-Baseline-Image-All-Genre-Tag-Stars-Plot-Date-Title,SVD-Director-Baseline-Image-All-Genre-Tag-Stars-Plot-Date-Title,SVD,500.json,0,0,0,0,0,0,5.11,0,4,1,0,0,0,0,0,1.2,0,0.4,63.51,221.28,TRUE,4,0,26,2,Male,2,2,2,4,2,4,2,4,2,4,2,70,2,3,4,4,3,4,4,4,4,4,,20,50,15,40,25,35,4,45,30,1,10,0,0,0,0,0,0,1,0,0,4,0
KG28Y63LOWVAU,2020-10-09T12:51:38.136Z,3,FALSE,2124.json,Genre-All-Plot-Director-Baseline-Title-SVD-Tag-Image-Date-Stars,Genre-All-Plot-Director-Baseline-Title-SVD-Tag-Image-Date-Stars,Plot,3083.json,2,0,0,0,0,0,56.88,1,5,3,1136.json,Plot-Genre-All-Director-Baseline-Title-SVD-Tag-Image-Date-Stars,Plot-Genre-All-Director-Baseline-Title-SVD-Tag-Image-Date-Stars,Plot,8977.json,0,0,0,0,0,0,3.21,0,5,3,3755.json,Plot-Genre-All-Director-Baseline-Title-SVD-Tag-Image-Date-Stars,Plot-Genre-All-Director-Baseline-Title-SVD-Tag-Image-Date-Stars,Plot,157296.json,0,0,0,0,0,0,7.51,0,4,3,592.json,Plot-Genre-All-Director-Baseline-Title-SVD-Tag-Image-Date-Stars,Plot-Genre-All-Director-Baseline-Title-SVD-Tag-Image-Date-Stars,Genre,5463.json,1,0,0,0,0,0,7.12,0,4,3,5040.json,Plot-Genre-All-Director-Baseline-Title-SVD-Tag-Image-Date-Stars,Plot-Genre-All-Director-Baseline-Title-SVD-Tag-Image-Date-Stars,Plot,2092.json,0,0,0,0,0,0,3.84,0,4,3,0,0,0,0,0,3,0,0.6,106.94,423.91,FALSE,2,4,40,3,Male,2,4,4,5,5,5,4,4,4,5,5,52.5,4,4,3,4,4,4.4,5,5,4,4,i really liked to do this survey.,9,25,40,2,4,50,15,45,35,30,20,0,0,0,4,1,0,0,0,0,0,0
KG2956NLDLG78,2020-10-09T12:55:28.742Z,3,FALSE,116797.json,Date-Baseline-Plot-Title-Genre-Stars-Director-Image-Tag-All-SVD,Date-Baseline-Plot-Title-Genre-Stars-Director-Image-Tag-All-SVD,Date,118696.json,0,0,0,0,0,0,44.77,0,2,2,6377.json,Date-Baseline-Plot-Title-Genre-Stars-Director-Image-Tag-All-SVD,Date-Baseline-Plot-Title-Genre-Stars-Director-Image-Tag-All-SVD,Title,157296.json,3,0,0,0,0,0,16.13,0,1,0,2571.json,Date-Title-Baseline-Plot-Genre-Stars-Director-Image-Tag-All-SVD,Date-Title-Baseline-Plot-Genre-Stars-Director-Image-Tag-All-SVD,Title,134130.json,1,0,0,0,0,0,18.72,0,2,2,1907.json,Date-Title-Baseline-Plot-Genre-Stars-Director-Image-Tag-All-SVD,Date-Title-Baseline-Plot-Genre-Stars-Director-Image-Tag-All-SVD,Title,166461.json,1,0,0,0,0,0,12.58,0,1,0,68358.json,Title-Date-Baseline-Plot-Genre-Stars-Director-Image-Tag-All-SVD,Title-Date-Baseline-Plot-Genre-Stars-Director-Image-Tag-All-SVD,Baseline,166528.json,2,0,0,0,0,0,33.65,0,3,4,0,0,0,0,0,1.6,0,1.4,77.44,418.92,TRUE,2,1,28,2,Female,1,1,5,1,1,1,5,1,5,1,1,20,5,5,1,1,1,1.8,5,3,1,1,,45,8,35,13,20,25,30,1,40,50,8,0,3,0,0,0,0,0,1,0,0,1
KG298WKBOJQKY,2020-10-09T12:58:10.164Z,3,TRUE,1544.json,Tag-Image-Genre-Plot-Baseline-SVD-Director-Title-Date-All-Stars,Tag-Image-Genre-Plot-Baseline-SVD-Director-Title-Date-All-Stars,Tag,4638.json,0,0,0,0,0,0,46.91,2,3,0,8957.json,Tag-Image-Genre-Plot-Baseline-SVD-Director-Title-Date-All-Stars,Tag-Image-Genre-Plot-Baseline-SVD-Director-Title-Date-All-Stars,Tag,42723.json,0,0,0,0,0,0,19.65,0,2,3,2581.json,Tag-Image-Genre-Plot-Baseline-SVD-Director-Title-Date-All-Stars,Tag-Image-Genre-Plot-Baseline-SVD-Director-Title-Date-All-Stars,Baseline,87869.json,4,0,0,0,0,0,19.5,0,3,0,2052.json,Tag-Image-Genre-Baseline-Plot-SVD-Director-Title-Date-All-Stars,Tag-Image-Genre-Baseline-Plot-SVD-Director-Title-Date-All-Stars,SVD,1702.json,5,0,0,0,0,0,24.36,0,4,3,108932.json,Tag-Image-Genre-Baseline-SVD-Plot-Director-Title-Date-All-Stars,Tag-Image-Genre-Baseline-SVD-Plot-Director-Title-Date-All-Stars,Tag,81564.json,0,0,0,0,0,0,8.45,0,4,4,0,0,0,0,0,2,0,1.8,57.83,362.29,TRUE,1,4,35,3,Female,1,2,3,1,1,1,3,3,4,3,3,40,4,5,2,1,1,3.2,3,1,2,2,,45,35,5,18,10,50,30,40,0,24,18,0,0,0,0,0,0,0,0,3,1,1
KG29Q83CJV1S6,2020-10-09T13:11:41.147Z,3,FALSE,1033.json,Title-Baseline-Tag-Image-Director-Date-Stars-Plot-All-Genre-SVD,Title-Baseline-Tag-Image-Director-Date-Stars-Plot-All-Genre-SVD,SVD,2087.json,10,0,0,0,0,0,89.56,2,5,4,39446.json,SVD-Title-Baseline-Tag-Image-Director-Date-Stars-Plot-All-Genre,SVD-Title-Baseline-Tag-Image-Director-Date-Stars-Plot-All-Genre,Director,1389.json,5,0,0,0,0,0,104.74,3,4,2,1389.json,SVD-Title-Director-Baseline-Tag-Image-Date-Stars-Plot-All-Genre,SVD-Title-Director-Baseline-Tag-Image-Date-Stars-Plot-All-Genre,Title,3893.json,1,0,0,0,0,0,18.83,1,4,3,3893.json,SVD-Title-Director-Baseline-Tag-Image-Date-Stars-Plot-All-Genre,SVD-Title-Director-Baseline-Tag-Image-Date-Stars-Plot-All-Genre,Director,5377.json,2,0,0,0,0,0,31.14,1,4,1,5377.json,SVD-Title-Director-Baseline-Tag-Image-Date-Stars-Plot-All-Genre,SVD-Title-Director-Baseline-Tag-Image-Date-Stars-Plot-All-Genre,SVD,71899.json,0,0,0,0,0,0,157.37,1,4,4,0,0,0,0,0,2.8,0,3.6,236.06,1033.5,TRUE,2,2,30,2,Female,1,4,2,4,2,4,3,5,4,5,4,67.5,2,3,2,3,4,4.2,2,4,5,4,good experience,44,4,22,39,49,34,15,29,17,10,12,0,1,0,0,0,0,2,0,0,2,0
KG29TCA87H39X,2020-10-09T13:13:37.707Z,3,FALSE,80463.json,Baseline-Plot-Title-Genre-Date-Director-SVD-Image-Tag-All-Stars,Baseline-Plot-Title-Genre-Date-Director-SVD-Image-Tag-All-Stars,Baseline,79132.json,0,0,0,0,0,0,14.21,1,5,1,260.json,Baseline-Plot-Title-Genre-Date-Director-SVD-Image-Tag-All-Stars,Baseline-Plot-Title-Genre-Date-Director-SVD-Image-Tag-All-Stars,Plot,1196.json,1,0,0,0,0,0,6.87,0,4,2,364.json,Plot-Baseline-Title-Genre-Date-Director-SVD-Image-Tag-All-Stars,Plot-Baseline-Title-Genre-Date-Director-SVD-Image-Tag-All-Stars,Plot,480.json,0,0,0,0,0,0,3.63,0,4,4,1213.json,Plot-Baseline-Title-Genre-Date-Director-SVD-Image-Tag-All-Stars,Plot-Baseline-Title-Genre-Date-Director-SVD-Image-Tag-All-Stars,Director,48516.json,5,0,0,0,0,0,12.71,0,5,0,111.json,Plot-Baseline-Title-Genre-Director-Date-SVD-Image-Tag-All-Stars,Plot-Baseline-Title-Genre-Director-Date-SVD-Image-Tag-All-Stars,Plot,4239.json,0,0,0,0,0,0,2.93,0,5,1,0,0,0,0,0,1.6,0,1.2,59.97,178.85,TRUE,2,2,28,2,Male,2,5,1,5,1,5,1,5,1,5,1,100,5,1,5,5,5,4.6,4,4,4,4,,45,10,35,2,15,50,24,21,40,30,3,0,0,0,3,0,0,1,0,0,0,1
KG29UKWF96JEL,2020-10-09T13:15:31.566Z,3,FALSE,216.json,Genre-Plot-All-Tag-SVD-Director-Title-Baseline-Image-Stars-Date,Genre-Plot-All-Tag-SVD-Director-Title-Baseline-Image-Stars-Date,Director,1753.json,5,0,0,0,0,0,126.59,0,4,0,527.json,Director-Genre-Plot-All-Tag-SVD-Title-Baseline-Image-Stars-Date,Director-Genre-Plot-All-Tag-SVD-Title-Baseline-Image-Stars-Date,Director,2739.json,0,0,0,0,0,0,42.67,0,4,0,70286.json,Director-Genre-Plot-All-Tag-SVD-Title-Baseline-Image-Stars-Date,Director-Genre-Plot-All-Tag-SVD-Title-Baseline-Image-Stars-Date,SVD,71535.json,5,0,0,0,0,0,56.05,1,4,4,4002.json,Director-Genre-Plot-SVD-All-Tag-Title-Baseline-Image-Stars-Date,Director-Genre-Plot-SVD-All-Tag-Title-Baseline-Image-Stars-Date,Plot,1732.json,2,0,0,0,0,0,22.67,1,5,1,915.json,Director-Genre-Plot-SVD-All-Tag-Title-Baseline-Image-Stars-Date,Director-Genre-Plot-SVD-All-Tag-Title-Baseline-Image-Stars-Date,Director,916.json,0,0,0,0,0,0,29.74,1,5,3,0,0,0,0,0,1.6,0,2.4,79.2,608.94,TRUE,1,6,41,3,Female,1,5,1,5,1,5,1,5,1,5,1,100,1,3,4,4,3,4.4,5,5,4,4,,16,30,40,9,4,45,5,50,21,20,35,0,0,0,1,0,0,3,0,0,1,0
KG2A2IWU33Y0Q,2020-10-09T13:20:49.368Z,3,FALSE,57368.json,All-Title-Baseline-Genre-Tag-SVD-Stars-Date-Plot-Director-Image,All-Title-Baseline-Genre-Tag-SVD-Stars-Date-Plot-Director-Image,All,114180.json,0,0,0,0,0,0,37.44,0,3,0,2572.json,All-Title-Baseline-Genre-Tag-SVD-Stars-Date-Plot-Director-Image,All-Title-Baseline-Genre-Tag-SVD-Stars-Date-Plot-Director-Image,All,30822.json,0,0,0,0,0,0,21.37,0,4,3,1407.json,All-Title-Baseline-Genre-Tag-SVD-Stars-Date-Plot-Director-Image,All-Title-Baseline-Genre-Tag-SVD-Stars-Date-Plot-Director-Image,All,6058.json,0,0,0,0,0,0,10.34,0,4,0,1974.json,All-Title-Baseline-Genre-Tag-SVD-Stars-Date-Plot-Director-Image,All-Title-Baseline-Genre-Tag-SVD-Stars-Date-Plot-Director-Image,All,1969.json,0,0,0,0,0,0,18.15,0,2,2,1347.json,All-Title-Baseline-Genre-Tag-SVD-Stars-Date-Plot-Director-Image,All-Title-Baseline-Genre-Tag-SVD-Stars-Date-Plot-Director-Image,Tag,1982.json,4,0,0,0,0,0,12.58,0,4,0,0,0,0,0,0,1,0,0.8,67.23,260.31,TRUE,2,1,31,2,Male,2,5,1,5,1,5,2,5,1,5,1,97.5,1,1,2,3,4,3.4,4,5,4,5,,0,5,50,40,15,30,45,35,20,25,10,4,0,0,0,0,0,0,0,1,0,0
KG2A1UCUTS06B,2020-10-09T13:21:22.584Z,3,FALSE,4896.json,Date-Plot-Tag-Genre-Image-Title-Director-Baseline-All-Stars-SVD,Date-Plot-Tag-Genre-Image-Title-Director-Baseline-All-Stars-SVD,Tag,531.json,2,0,0,0,0,0,38.79,0,5,4,54001.json,Tag-Date-Plot-Genre-Image-Title-Director-Baseline-All-Stars-SVD,Tag-Date-Plot-Genre-Image-Title-Director-Baseline-All-Stars-SVD,Tag,81834.json,0,0,0,0,0,0,10.95,0,5,0,6264.json,Tag-Date-Plot-Genre-Image-Title-Director-Baseline-All-Stars-SVD,Tag-Date-Plot-Genre-Image-Title-Director-Baseline-All-Stars-SVD,Tag,1876.json,0,0,0,0,0,0,11.26,0,4,1,2571.json,Tag-Date-Plot-Genre-Image-Title-Director-Baseline-All-Stars-SVD,Tag-Date-Plot-Genre-Image-Title-Director-Baseline-All-Stars-SVD,Date,2581.json,1,0,0,0,0,0,7.88,0,4,3,531.json,Tag-Date-Plot-Genre-Image-Title-Director-Baseline-All-Stars-SVD,Tag-Date-Plot-Genre-Image-Title-Director-Baseline-All-Stars-SVD,Tag,2125.json,0,0,0,0,0,0,7.01,0,4,3,0,0,0,0,0,2.2,0,0.6,71.63,350.09,TRUE,2,1,36,3,Female,1,3,2,4,1,3,2,4,1,5,1,80,2,3,1,3,2,4.4,4,3,2,2,,40,25,20,9,15,45,30,4,2,50,35,0,0,0,0,0,0,0,1,4,0,0
KG2A388BCOSZF,2020-10-09T13:22:46.133Z,3,TRUE,91500.json,Image-Director-Plot-Title-SVD-Stars-Genre-All-Date-Baseline-Tag,Image-Director-Plot-Title-SVD-Stars-Genre-All-Date-Baseline-Tag,Stars,78574.json,5,0,0,0,0,0,102.12,0,4,1,1271.json,Stars-Image-Director-Plot-Title-SVD-Genre-All-Date-Baseline-Tag,Stars-Image-Director-Plot-Title-SVD-Genre-All-Date-Baseline-Tag,Director,2324.json,2,0,0,0,0,0,64.15,0,2,0,837.json,Stars-Director-Image-Plot-Title-SVD-Genre-All-Date-Baseline-Tag,Stars-Director-Image-Plot-Title-SVD-Genre-All-Date-Baseline-Tag,Tag,531.json,10,0,0,0,0,0,65.79,0,5,2,3365.json,Stars-Director-Image-Plot-Title-SVD-Genre-Tag-All-Date-Baseline,Stars-Director-Image-Plot-Title-SVD-Genre-Tag-All-Date-Baseline,Director,3095.json,1,0,0,0,0,0,54.13,0,4,1,166635.json,Stars-Director-Image-Plot-Title-SVD-Genre-Tag-All-Date-Baseline,Stars-Director-Image-Plot-Title-SVD-Genre-Tag-All-Date-Baseline,Tag,104841.json,7,0,0,0,0,0,73.93,0,4,3,0,0,0,0,0,1.4,0,5,99.77,819.98,TRUE,2,1,33,2,Female,1,4,1,5,1,5,2,5,1,5,1,95,1,3,3,4,1,3.8,4,4,5,2,no comments,37,19,7,14,30,5,6,42,44,24,47,0,0,0,0,0,1,2,0,2,0,0
KG2A4ZXN1Z6KV,2020-10-09T13:23:19.396Z,3,TRUE,608.json,Baseline-Image-Tag-Title-Director-SVD-Date-Stars-Plot-All-Genre,Baseline-Image-Tag-Title-Director-SVD-Date-Stars-Plot-All-Genre,Baseline,1203.json,0,0,0,0,0,0,88.29,0,4,0,4406.json,Baseline-Image-Tag-Title-Director-SVD-Date-Stars-Plot-All-Genre,Baseline-Image-Tag-Title-Director-SVD-Date-Stars-Plot-All-Genre,Tag,1266.json,2,0,0,0,0,0,42.03,0,3,2,2912.json,Baseline-Tag-Image-Title-Director-SVD-Date-Stars-Plot-All-Genre,Baseline-Tag-Image-Title-Director-SVD-Date-Stars-Plot-All-Genre,Baseline,46578.json,0,0,0,0,0,0,21.83,0,4,3,3740.json,Baseline-Tag-Image-Title-Director-SVD-Date-Stars-Plot-All-Genre,Baseline-Tag-Image-Title-Director-SVD-Date-Stars-Plot-All-Genre,Baseline,2944.json,0,0,0,0,0,0,23.52,0,2,4,1278.json,Baseline-Tag-Image-Title-Director-SVD-Date-Stars-Plot-All-Genre,Baseline-Tag-Image-Title-Director-SVD-Date-Stars-Plot-All-Genre,Tag,955.json,1,0,0,0,0,0,33.36,0,4,2,0,0,0,0,0,2.2,0,0.6,92.69,469.38,TRUE,1,4,59,5,Male,2,3,1,5,1,4,1,5,2,4,2,85,1,3,2,2,3,3.4,4,3,3,2,,45,15,8,40,50,35,20,30,7,25,0,0,0,0,0,0,0,0,0,2,0,3
KG2ACK5KRKC38,2020-10-09T13:28:37.858Z,3,FALSE,89745.json,Date-Baseline-Title-Plot-Genre-Tag-SVD-Image-All-Director-Stars,Date-Baseline-Title-Plot-Genre-Tag-SVD-Image-All-Director-Stars,Date,93840.json,0,0,0,0,0,0,61.08,2,4,0,364.json,Date-Baseline-Title-Plot-Genre-Tag-SVD-Image-All-Director-Stars,Date-Baseline-Title-Plot-Genre-Tag-SVD-Image-All-Director-Stars,Plot,33615.json,3,0,0,0,0,0,17.98,0,4,1,1036.json,Date-Plot-Baseline-Title-Genre-Tag-SVD-Image-All-Director-Stars,Date-Plot-Baseline-Title-Genre-Tag-SVD-Image-All-Director-Stars,Date,3104.json,0,0,0,0,0,0,13.74,0,3,0,541.json,Date-Plot-Baseline-Title-Genre-Tag-SVD-Image-All-Director-Stars,Date-Plot-Baseline-Title-Genre-Tag-SVD-Image-All-Director-Stars,Plot,61132.json,1,0,0,0,0,0,17.19,2,4,1,2791.json,Date-Plot-Baseline-Title-Genre-Tag-SVD-Image-All-Director-Stars,Date-Plot-Baseline-Title-Genre-Tag-SVD-Image-All-Director-Stars,Date,1196.json,0,0,0,0,0,0,13.08,0,4,0,0,0,0,0,0,0.4,0,0.8,121.1,462.48,TRUE,1,4,32,2,Female,1,3,2,3,2,3,2,3,2,4,2,65,2,3,3,3,3,3.8,4,3,3,3,It was an interesting survey.,40,13,35,9,20,50,45,0,25,30,8,0,0,0,2,0,0,0,3,0,0,0
KG2A6E6F63HA6,2020-10-09T13:29:20.447Z,3,FALSE,2572.json,Image-Genre-Title-All-Director-Tag-Baseline-Stars-Plot-SVD-Date,Image-Genre-Title-All-Director-Tag-Baseline-Stars-Plot-SVD-Date,Image,69406.json,0,0,0,0,0,0,90.36,2,4,0,33794.json,Image-Genre-Title-All-Director-Tag-Baseline-Stars-Plot-SVD-Date,Image-Genre-Title-All-Director-Tag-Baseline-Stars-Plot-SVD-Date,Tag,122904.json,5,0,0,0,0,0,19.55,0,5,1,122904.json,Image-Genre-Tag-Title-All-Director-Baseline-Stars-Plot-SVD-Date,Image-Genre-Tag-Title-All-Director-Baseline-Stars-Plot-SVD-Date,Director,90249.json,5,0,0,0,0,0,14.64,0,2,0,36529.json,Image-Genre-Tag-Director-Title-All-Baseline-Stars-Plot-SVD-Date,Image-Genre-Tag-Director-Title-All-Baseline-Stars-Plot-SVD-Date,Genre,1892.json,1,0,0,0,0,0,7.18,0,1,0,1997.json,Image-Genre-Tag-Director-Title-All-Baseline-Stars-Plot-SVD-Date,Image-Genre-Tag-Director-Title-All-Baseline-Stars-Plot-SVD-Date,Genre,1342.json,1,0,0,0,0,0,8.51,0,4,1,0,0,0,0,0,0.4,0,2.4,201.05,941.64,TRUE,1,4,38,3,Male,2,3,2,4,2,4,2,5,2,3,2,72.5,3,2,3,2,3,3.2,3,3,2,3,na,20,15,0,40,5,35,19,50,16,45,30,0,0,1,0,2,0,1,0,1,0,0
KG2AGIJO26Z5O,2020-10-09T13:32:04.844Z,3,FALSE,91542.json,Genre-Tag-Title-Image-Date-Director-Stars-Baseline-All-SVD-Plot,Genre-Tag-Title-Image-Date-Director-Stars-Baseline-All-SVD-Plot,Director,138036.json,5,0,0,0,0,0,69.57,2,3,1,89745.json,Director-Genre-Tag-Title-Image-Date-Stars-Baseline-All-SVD-Plot,Director-Genre-Tag-Title-Image-Date-Stars-Baseline-All-SVD-Plot,All,110102.json,8,0,0,0,0,0,29.07,0,4,1,101864.json,Director-Genre-Tag-Title-All-Image-Date-Stars-Baseline-SVD-Plot,Director-Genre-Tag-Title-All-Image-Date-Stars-Baseline-SVD-Plot,Director,103228.json,0,0,0,0,0,0,9.87,0,3,0,1907.json,Director-Genre-Tag-Title-All-Image-Date-Stars-Baseline-SVD-Plot,Director-Genre-Tag-Title-All-Image-Date-Stars-Baseline-SVD-Plot,Director,3483.json,0,0,0,0,0,0,7.84,0,5,4,86644.json,Director-Genre-Tag-Title-All-Image-Date-Stars-Baseline-SVD-Plot,Director-Genre-Tag-Title-All-Image-Date-Stars-Baseline-SVD-Plot,Director,135569.json,0,0,0,0,0,0,8.6,0,4,1,0,0,0,0,0,1.4,0,2.6,80.45,455.32,TRUE,4,1,34,2,Other,3,2,2,4,1,3,2,4,2,3,2,67.5,3,3,3,3,3,3.8,2,2,3,4,"n/a, this was VERY hard to read as a survey. White text on black background is an eyestrain and the background wallpaper was distracting.",28,14,22,50,4,33,5,27,9,45,38,1,0,0,0,0,0,4,0,0,0,0
KG2AK0JNP841S,2020-10-09T13:34:29.246Z,3,FALSE,181.json,SVD-Stars-Date-Image-Tag-Plot-Genre-Title-Director-All-Baseline,SVD-Stars-Date-Image-Tag-Plot-Genre-Title-Director-All-Baseline,Title,55814.json,7,0,0,0,0,0,380.72,3,4,3,6708.json,Title-SVD-Stars-Date-Image-Tag-Plot-Genre-Director-All-Baseline,Title-SVD-Stars-Date-Image-Tag-Plot-Genre-Director-All-Baseline,Title,2723.json,0,0,0,0,0,0,21.51,1,4,0,101864.json,Title-SVD-Stars-Date-Image-Tag-Plot-Genre-Director-All-Baseline,Title-SVD-Stars-Date-Image-Tag-Plot-Genre-Director-All-Baseline,Title,2871.json,0,0,0,0,0,0,9.96,0,5,4,140.json,Title-SVD-Stars-Date-Image-Tag-Plot-Genre-Director-All-Baseline,Title-SVD-Stars-Date-Image-Tag-Plot-Genre-Director-All-Baseline,SVD,100.json,1,0,0,0,0,0,52.94,1,3,3,2143.json,Title-SVD-Stars-Date-Image-Tag-Plot-Genre-Director-All-Baseline,Title-SVD-Stars-Date-Image-Tag-Plot-Genre-Director-All-Baseline,SVD,2088.json,1,0,0,0,0,0,15.52,1,4,4,0,0,0,0,0,2.8,0,1.8,103.97,922.66,TRUE,2,4,30,2,Male,2,4,3,4,5,4,3,2,3,4,3,52.5,4,5,4,3,5,4,2,3,4,3,IT WAS GREAT,45,7,19,29,34,9,40,14,24,4,50,0,3,0,0,0,0,0,0,0,2,0
KG2AKL2K8OL4S,2020-10-09T13:34:59.236Z,3,FALSE,8533.json,Genre-Plot-Director-Date-Image-Baseline-Title-SVD-All-Stars-Tag,Genre-Plot-Director-Date-Image-Baseline-Title-SVD-All-Stars-Tag,Plot,4823.json,1,0,0,0,0,0,70.92,2,4,0,588.json,Plot-Genre-Director-Date-Image-Baseline-Title-SVD-All-Stars-Tag,Plot-Genre-Director-Date-Image-Baseline-Title-SVD-All-Stars-Tag,Genre,166461.json,1,0,0,0,0,0,11.92,0,3,4,5066.json,Genre-Plot-Director-Date-Image-Baseline-Title-SVD-All-Stars-Tag,Genre-Plot-Director-Date-Image-Baseline-Title-SVD-All-Stars-Tag,Genre,3791.json,0,0,0,0,0,0,5.58,0,4,1,4310.json,Genre-Plot-Director-Date-Image-Baseline-Title-SVD-All-Stars-Tag,Genre-Plot-Director-Date-Image-Baseline-Title-SVD-All-Stars-Tag,Plot,3555.json,1,0,0,0,0,0,5.15,0,3,3,364.json,Plot-Genre-Director-Date-Image-Baseline-Title-SVD-All-Stars-Tag,Plot-Genre-Director-Date-Image-Baseline-Title-SVD-All-Stars-Tag,Plot,33615.json,0,0,0,0,0,0,7.99,0,3,1,0,0,0,0,0,1.8,0,0.6,61.13,276.48,TRUE,2,1,33,2,Female,1,1,4,3,1,2,3,5,1,4,1,62.5,3,4,2,2,3,3.4,4,3,2,2,No comments.,40,30,20,3,2,45,10,15,50,35,25,0,0,0,3,2,0,0,0,0,0,0
KG2AQBQARBCQO,2020-10-09T13:39:20.240Z,3,FALSE,109487.json,SVD-Plot-Stars-Image-Title-Date-All-Baseline-Genre-Director-Tag,SVD-Plot-Stars-Image-Title-Date-All-Baseline-Genre-Director-Tag,SVD,112556.json,0,0,0,0,0,0,36.56,0,5,2,1220.json,SVD-Plot-Stars-Image-Title-Date-All-Baseline-Genre-Director-Tag,SVD-Plot-Stars-Image-Title-Date-All-Baseline-Genre-Director-Tag,Stars,1772.json,2,0,0,0,0,0,13.03,0,4,4,80463.json,SVD-Stars-Plot-Image-Title-Date-All-Baseline-Genre-Director-Tag,SVD-Stars-Plot-Image-Title-Date-All-Baseline-Genre-Director-Tag,SVD,30707.json,0,0,0,0,0,0,5.6,0,5,0,8950.json,SVD-Stars-Plot-Image-Title-Date-All-Baseline-Genre-Director-Tag,SVD-Stars-Plot-Image-Title-Date-All-Baseline-Genre-Director-Tag,SVD,63072.json,0,0,0,0,0,0,6.57,0,5,3,33794.json,SVD-Stars-Plot-Image-Title-Date-All-Baseline-Genre-Director-Tag,SVD-Stars-Plot-Image-Title-Date-All-Baseline-Genre-Director-Tag,Plot,3535.json,2,0,0,0,0,0,8.79,0,5,3,0,0,0,0,0,2.4,0,0.8,114.76,287.02,TRUE,1,7,27,2,Male,2,5,1,5,1,5,1,5,1,5,1,100,1,1,3,5,5,4.8,5,5,5,5,I would really like access to a system like this. I always find it the hardest part of watching movies to find something to watch.,30,20,15,8,40,7,45,25,50,0,35,0,0,0,1,0,1,0,0,0,3,0
KG2AX37Z6NZE0,2020-10-09T13:46:48.842Z,3,FALSE,67087.json,All-Genre-Baseline-Plot-Title-SVD-Director-Stars-Tag-Image-Date,All-Genre-Baseline-Plot-Title-SVD-Director-Stars-Tag-Image-Date,Image,84374.json,9,0,0,0,0,0,35.73,0,5,2,69122.json,Image-All-Genre-Baseline-Plot-Title-SVD-Director-Stars-Tag-Date,Image-All-Genre-Baseline-Plot-Title-SVD-Director-Stars-Tag-Date,Plot,66203.json,4,0,0,0,0,0,16.35,0,5,1,7149.json,Image-All-Plot-Genre-Baseline-Title-SVD-Director-Stars-Tag-Date,Image-All-Plot-Genre-Baseline-Title-SVD-Director-Stars-Tag-Date,Image,1393.json,0,0,0,0,0,0,11.2,0,3,2,648.json,Image-All-Plot-Genre-Baseline-Title-SVD-Director-Stars-Tag-Date,Image-All-Plot-Genre-Baseline-Title-SVD-Director-Stars-Tag-Date,SVD,3082.json,6,0,0,0,0,0,27.03,0,4,2,67923.json,Image-All-Plot-Genre-Baseline-SVD-Title-Director-Stars-Tag-Date,Image-All-Plot-Genre-Baseline-SVD-Title-Director-Stars-Tag-Date,SVD,79695.json,5,0,0,0,0,0,25.77,0,4,4,0,0,0,0,0,2.2,0,4.8,82.83,451.62,TRUE,2,2,30,2,Male,2,4,2,5,2,4,2,5,1,4,1,85,1,3,2,4,3,4.2,5,2,4,4,NA,4,25,9,13,12,39,34,50,44,28,17,0,0,2,1,0,0,0,0,0,2,0
KG2BD1J9T0Q6K,2020-10-09T13:58:55.416Z,3,TRUE,4979.json,Tag-All-Image-Baseline-Date-Genre-SVD-Plot-Stars-Title-Director,Tag-All-Image-Baseline-Date-Genre-SVD-Plot-Stars-Title-Director,Tag,46578.json,0,0,0,0,0,0,89.11,0,3,4,99114.json,Tag-All-Image-Baseline-Date-Genre-SVD-Plot-Stars-Title-Director,Tag-All-Image-Baseline-Date-Genre-SVD-Plot-Stars-Title-Director,Tag,1089.json,0,0,0,0,0,0,23.35,0,5,2,69757.json,Tag-All-Image-Baseline-Date-Genre-SVD-Plot-Stars-Title-Director,Tag-All-Image-Baseline-Date-Genre-SVD-Plot-Stars-Title-Director,Tag,7361.json,0,0,0,0,0,0,32.52,0,4,1,58559.json,Tag-All-Image-Baseline-Date-Genre-SVD-Plot-Stars-Title-Director,Tag-All-Image-Baseline-Date-Genre-SVD-Plot-Stars-Title-Director,Date,61132.json,4,0,0,0,0,0,34.45,0,3,4,8376.json,Tag-All-Image-Date-Baseline-Genre-SVD-Plot-Stars-Title-Director,Tag-All-Image-Date-Baseline-Genre-SVD-Plot-Stars-Title-Director,Tag,54503.json,0,0,0,0,0,0,21.29,0,4,0,0,0,0,0,0,2.2,0,0.8,71.33,585.64,TRUE,1,2,27,2,Female,1,4,2,5,1,4,3,4,2,5,2,80,2,2,3,4,4,3.8,4,5,4,3,None,5,45,10,35,25,40,50,19,0,30,16,0,0,0,0,0,0,0,1,4,0,0
KG2BQWUTFJ9BZ,2020-10-09T14:08:02.159Z,3,FALSE,79.json,Genre-Date-Director-Tag-Plot-All-SVD-Baseline-Stars-Image-Title,Genre-Date-Director-Tag-Plot-All-SVD-Baseline-Stars-Image-Title,Genre,44974.json,0,0,0,0,0,0,18.67,0,3,3,2090.json,Genre-Date-Director-Tag-Plot-All-SVD-Baseline-Stars-Image-Title,Genre-Date-Director-Tag-Plot-All-SVD-Baseline-Stars-Image-Title,Genre,2087.json,0,0,0,0,0,0,7.23,0,3,2,952.json,Genre-Date-Director-Tag-Plot-All-SVD-Baseline-Stars-Image-Title,Genre-Date-Director-Tag-Plot-All-SVD-Baseline-Stars-Image-Title,Genre,588.json,0,0,0,0,0,0,12.42,0,2,2,103042.json,Genre-Date-Director-Tag-Plot-All-SVD-Baseline-Stars-Image-Title,Genre-Date-Director-Tag-Plot-All-SVD-Baseline-Stars-Image-Title,Date,111659.json,1,0,0,0,0,0,8.45,0,2,3,63062.json,Genre-Date-Director-Tag-Plot-All-SVD-Baseline-Stars-Image-Title,Genre-Date-Director-Tag-Plot-All-SVD-Baseline-Stars-Image-Title,Tag,142488.json,3,0,0,0,0,0,7.15,0,2,3,0,0,0,0,0,2.6,0,0.8,71.85,274.43,TRUE,2,2,47,4,Female,1,2,1,5,1,3,3,5,1,5,1,82.5,1,1,2,2,2,2.4,5,5,3,1,none,25,50,45,20,0,40,10,5,15,30,35,0,0,0,0,3,0,0,1,1,0,0
KG2BXKXR4K3ZT,2020-10-09T14:13:39.169Z,3,FALSE,296.json,Tag-Plot-Date-SVD-Stars-Director-Image-All-Genre-Baseline-Title,Tag-Plot-Date-SVD-Stars-Director-Image-All-Genre-Baseline-Title,Tag,1089.json,0,0,0,0,0,0,72.12,1,5,0,59369.json,Tag-Plot-Date-SVD-Stars-Director-Image-All-Genre-Baseline-Title,Tag-Plot-Date-SVD-Stars-Director-Image-All-Genre-Baseline-Title,Tag,54286.json,0,0,0,0,0,0,27.83,0,5,1,8533.json,Tag-Plot-Date-SVD-Stars-Director-Image-All-Genre-Baseline-Title,Tag-Plot-Date-SVD-Stars-Director-Image-All-Genre-Baseline-Title,Tag,1271.json,0,0,0,0,0,0,14.12,0,5,1,231.json,Tag-Plot-Date-SVD-Stars-Director-Image-All-Genre-Baseline-Title,Tag-Plot-Date-SVD-Stars-Director-Image-All-Genre-Baseline-Title,Tag,785.json,0,0,0,0,0,0,10.32,0,5,1,4306.json,Tag-Plot-Date-SVD-Stars-Director-Image-All-Genre-Baseline-Title,Tag-Plot-Date-SVD-Stars-Director-Image-All-Genre-Baseline-Title,Tag,3114.json,0,0,0,0,0,0,9.51,0,5,3,0,0,0,0,0,1.2,0,0,113.48,484.19,TRUE,1,3,51,4,Female,1,5,1,5,1,5,1,5,1,5,1,100,1,2,3,4,5,5,5,5,5,4,The survey worked well.,35,50,30,5,40,20,25,10,0,15,45,0,0,0,0,0,0,0,0,5,0,0
KG2COQ8CMFMTI,2020-10-09T14:34:35.047Z,3,FALSE,77561.json,Image-Baseline-Plot-SVD-Genre-Title-Tag-Date-All-Director-Stars,Image-Baseline-Plot-SVD-Genre-Title-Tag-Date-All-Director-Stars,Baseline,474.json,1,0,0,0,0,0,17.05,0,5,3,67923.json,Baseline-Image-Plot-SVD-Genre-Title-Tag-Date-All-Director-Stars,Baseline-Image-Plot-SVD-Genre-Title-Tag-Date-All-Director-Stars,Plot,5903.json,2,0,0,0,0,0,14.29,0,4,2,122892.json,Baseline-Plot-Image-SVD-Genre-Title-Tag-Date-All-Director-Stars,Baseline-Plot-Image-SVD-Genre-Title-Tag-Date-All-Director-Stars,Plot,87430.json,1,0,0,0,0,0,9.9,1,5,3,1580.json,Plot-Baseline-Image-SVD-Genre-Title-Tag-Date-All-Director-Stars,Plot-Baseline-Image-SVD-Genre-Title-Tag-Date-All-Director-Stars,Baseline,88.json,1,0,0,0,0,0,7.83,0,4,2,86880.json,Baseline-Plot-Image-SVD-Genre-Title-Tag-Date-All-Director-Stars,Baseline-Plot-Image-SVD-Genre-Title-Tag-Date-All-Director-Stars,Plot,515.json,1,0,0,0,0,0,14.99,0,5,2,0,0,0,0,0,2.4,0,1.2,86.36,346.33,FALSE,1,5,35,3,Female,1,4,5,3,4,3,4,3,5,4,5,35,5,3,4,3,4,4.6,3,4,3,5,Very interesting,40,25,7,6,20,50,45,35,30,15,2,0,0,0,3,0,0,0,0,0,0,2
KG2D3NUZIA79V,2020-10-09T14:47:29.471Z,3,FALSE,58559.json,Tag-Baseline-Image-Date-All-SVD-Plot-Stars-Title-Genre-Director,Tag-Baseline-Image-Date-All-SVD-Plot-Stars-Title-Genre-Director,Tag,60684.json,0,0,0,0,0,0,32.48,2,5,2,4306.json,Tag-Baseline-Image-Date-All-SVD-Plot-Stars-Title-Genre-Director,Tag-Baseline-Image-Date-All-SVD-Plot-Stars-Title-Genre-Director,Tag,6377.json,0,0,0,0,0,0,9.38,0,4,4,8533.json,Tag-Baseline-Image-Date-All-SVD-Plot-Stars-Title-Genre-Director,Tag-Baseline-Image-Date-All-SVD-Plot-Stars-Title-Genre-Director,Image,4069.json,2,0,0,0,0,0,9,0,4,0,93510.json,Tag-Image-Baseline-Date-All-SVD-Plot-Stars-Title-Genre-Director,Tag-Image-Baseline-Date-All-SVD-Plot-Stars-Title-Genre-Director,Tag,54503.json,0,0,0,0,0,0,4.94,0,4,0,4963.json,Tag-Image-Baseline-Date-All-SVD-Plot-Stars-Title-Genre-Director,Tag-Image-Baseline-Date-All-SVD-Plot-Stars-Title-Genre-Director,Tag,4889.json,0,0,0,0,0,0,15.08,0,4,2,0,0,0,0,0,1.6,0,0.4,237.06,689.06,TRUE,1,4,22,1,Male,2,5,1,5,1,4,1,5,1,4,1,95,1,1,5,5,4,4.2,5,5,4,5,,20,40,8,30,45,35,50,15,0,25,7,0,0,1,0,0,0,0,0,4,0,0
KG2D6BU2U7NXV,2020-10-09T14:48:47.960Z,3,TRUE,608.json,Baseline-All-Director-Plot-Stars-Title-Image-SVD-Genre-Tag-Date,Baseline-All-Director-Plot-Stars-Title-Image-SVD-Genre-Tag-Date,Director,1732.json,2,0,0,0,0,0,43.9,0,5,2,4011.json,Director-Baseline-All-Plot-Stars-Title-Image-SVD-Genre-Tag-Date,Director-Baseline-All-Plot-Stars-Title-Image-SVD-Genre-Tag-Date,Director,2542.json,0,0,0,0,0,0,21.56,0,5,0,1206.json,Director-Baseline-All-Plot-Stars-Title-Image-SVD-Genre-Tag-Date,Director-Baseline-All-Plot-Stars-Title-Image-SVD-Genre-Tag-Date,All,2959.json,2,0,0,0,0,0,18.74,0,5,2,1222.json,Director-Baseline-All-Plot-Stars-Title-Image-SVD-Genre-Tag-Date,Director-Baseline-All-Plot-Stars-Title-Image-SVD-Genre-Tag-Date,All,1263.json,2,0,0,0,0,0,15.26,0,5,1,2502.json,Director-All-Baseline-Plot-Stars-Title-Image-SVD-Genre-Tag-Date,Director-All-Baseline-Plot-Stars-Title-Image-SVD-Genre-Tag-Date,Director,1729.json,0,0,0,0,0,0,11.3,0,5,1,0,0,0,0,0,1.2,0,1.2,104.87,477.95,TRUE,1,5,41,3,Male,2,5,1,5,1,5,1,5,1,5,1,100,1,1,4,5,5,5,5,5,5,4,excellent. worked very well.,8,25,30,15,40,20,2,50,45,35,5,2,0,0,0,0,0,3,0,0,0,0
KG2D9N6M9AL5E,2020-10-09T14:50:20.866Z,3,FALSE,44191.json,SVD-Director-Stars-Image-All-Title-Tag-Date-Plot-Genre-Baseline,SVD-Director-Stars-Image-All-Title-Tag-Date-Plot-Genre-Baseline,SVD,48516.json,0,0,0,0,0,0,46.25,0,4,4,55442.json,SVD-Director-Stars-Image-All-Title-Tag-Date-Plot-Genre-Baseline,SVD-Director-Stars-Image-All-Title-Tag-Date-Plot-Genre-Baseline,SVD,52885.json,0,0,0,0,0,0,40.66,0,4,3,89745.json,SVD-Director-Stars-Image-All-Title-Tag-Date-Plot-Genre-Baseline,SVD-Director-Stars-Image-All-Title-Tag-Date-Plot-Genre-Baseline,SVD,112852.json,0,0,0,0,0,0,7.72,0,4,3,37729.json,SVD-Director-Stars-Image-All-Title-Tag-Date-Plot-Genre-Baseline,SVD-Director-Stars-Image-All-Title-Tag-Date-Plot-Genre-Baseline,Stars,4239.json,2,0,0,0,0,0,14.88,0,5,1,6539.json,SVD-Director-Stars-Image-All-Title-Tag-Date-Plot-Genre-Baseline,SVD-Director-Stars-Image-All-Title-Tag-Date-Plot-Genre-Baseline,SVD,73017.json,0,0,0,0,0,0,4.88,0,5,4,0,0,0,0,0,3,0,0.4,68.4,269.41,TRUE,2,1,31,2,Female,1,4,1,5,1,4,1,4,1,4,1,90,2,3,3,3,2,4.4,4,4,4,3,NA,20,25,15,40,45,10,5,35,30,0,50,0,0,0,0,0,1,0,0,0,4,0
KG2DO089607MO,2020-10-09T15:03:09.825Z,3,FALSE,86644.json,Title-Genre-Director-Tag-Baseline-Stars-Image-Plot-SVD-Date-All,Title-Genre-Director-Tag-Baseline-Stars-Image-Plot-SVD-Date-All,Title,2372.json,0,0,0,0,0,0,15.33,2,4,2,68793.json,Title-Genre-Director-Tag-Baseline-Stars-Image-Plot-SVD-Date-All,Title-Genre-Director-Tag-Baseline-Stars-Image-Plot-SVD-Date-All,Title,1950.json,0,0,0,0,0,0,12.88,0,4,4,780.json,Title-Genre-Director-Tag-Baseline-Stars-Image-Plot-SVD-Date-All,Title-Genre-Director-Tag-Baseline-Stars-Image-Plot-SVD-Date-All,Title,5872.json,0,0,0,0,0,0,15.64,2,3,2,377.json,Title-Genre-Director-Tag-Baseline-Stars-Image-Plot-SVD-Date-All,Title-Genre-Director-Tag-Baseline-Stars-Image-Plot-SVD-Date-All,Genre,3104.json,1,0,0,0,0,0,11.77,2,3,4,171763.json,Title-Genre-Director-Tag-Baseline-Stars-Image-Plot-SVD-Date-All,Title-Genre-Director-Tag-Baseline-Stars-Image-Plot-SVD-Date-All,Director,51255.json,2,0,0,0,0,0,13.02,2,4,0,0,0,0,0,0,2.4,0,0.6,56.5,351.43,FALSE,1,4,32,2,Male,2,3,4,3,4,3,4,2,3,2,3,37.5,2,4,4,3,3,3.6,3,4,3,4,good to choose a movie,50,0,30,35,5,25,10,45,15,40,20,0,3,0,0,1,0,1,0,0,0,0
KG2E5CFDV0YVT,2020-10-09T15:15:22.188Z,3,TRUE,928.json,SVD-Genre-Date-Plot-Title-Stars-Baseline-Image-Director-Tag-All,SVD-Genre-Date-Plot-Title-Stars-Baseline-Image-Director-Tag-All,All,307.json,10,0,0,0,0,0,27.19,0,5,2,4144.json,All-SVD-Genre-Date-Plot-Title-Stars-Baseline-Image-Director-Tag,All-SVD-Genre-Date-Plot-Title-Stars-Baseline-Image-Director-Tag,SVD,4914.json,1,0,0,0,0,0,24.04,0,5,0,3362.json,SVD-All-Genre-Date-Plot-Title-Stars-Baseline-Image-Director-Tag,SVD-All-Genre-Date-Plot-Title-Stars-Baseline-Image-Director-Tag,All,7371.json,1,0,0,0,0,0,15.45,0,5,1,7361.json,All-SVD-Genre-Date-Plot-Title-Stars-Baseline-Image-Director-Tag,All-SVD-Genre-Date-Plot-Title-Stars-Baseline-Image-Director-Tag,SVD,6711.json,1,0,0,0,0,0,10.02,0,3,1,5810.json,SVD-All-Genre-Date-Plot-Title-Stars-Baseline-Image-Director-Tag,SVD-All-Genre-Date-Plot-Title-Stars-Baseline-Image-Director-Tag,Genre,1952.json,2,0,0,0,0,0,11.32,0,2,4,0,0,0,0,0,1.6,0,3,77.46,409.92,TRUE,2,2,53,4,Female,1,1,2,4,1,1,4,3,3,1,3,42.5,3,3,1,1,1,4,2,1,3,2,none,12,24,39,19,9,29,44,14,49,2,34,2,0,0,0,1,0,0,0,0,2,0
KG2EB2QX3173D,2020-10-09T15:30:19.115Z,3,FALSE,53125.json,Tag-Date-Stars-Baseline-SVD-Image-Title-All-Genre-Director-Plot,Tag-Date-Stars-Baseline-SVD-Image-Title-All-Genre-Director-Plot,Tag,78105.json,0,0,0,0,0,0,207.51,4,5,2,89745.json,Tag-Date-Stars-Baseline-SVD-Image-Title-All-Genre-Director-Plot,Tag-Date-Stars-Baseline-SVD-Image-Title-All-Genre-Director-Plot,Tag,112852.json,0,0,0,0,0,0,28.6,0,4,1,4896.json,Tag-Date-Stars-Baseline-SVD-Image-Title-All-Genre-Director-Plot,Tag-Date-Stars-Baseline-SVD-Image-Title-All-Genre-Director-Plot,Tag,49649.json,0,0,0,0,0,0,32.12,2,3,2,79293.json,Tag-Date-Stars-Baseline-SVD-Image-Title-All-Genre-Director-Plot,Tag-Date-Stars-Baseline-SVD-Image-Title-All-Genre-Director-Plot,Stars,111659.json,2,0,0,0,0,0,31.5,0,2,1,68791.json,Tag-Date-Stars-Baseline-SVD-Image-Title-All-Genre-Director-Plot,Tag-Date-Stars-Baseline-SVD-Image-Title-All-Genre-Director-Plot,Tag,37386.json,0,0,0,0,0,0,9.53,0,3,4,0,0,0,0,0,2,0,0.4,402.33,1394.1,TRUE,2,3,57,5,Female,1,4,1,5,1,5,1,5,1,5,1,97.5,1,1,3,3,4,3.4,5,5,4,3,,35,30,25,50,40,10,45,5,0,20,15,0,0,0,0,0,1,0,0,4,0,0
KG2J4HQOEYH80,2020-10-09T17:34:43.915Z,3,FALSE,92259.json,Date-All-Tag-Director-Stars-Genre-Baseline-Image-Title-SVD-Plot,Date-All-Tag-Director-Stars-Genre-Baseline-Image-Title-SVD-Plot,Tag,1704.json,2,0,0,0,0,0,138.79,1,2,3,318.json,Tag-Date-All-Director-Stars-Genre-Baseline-Image-Title-SVD-Plot,Tag-Date-All-Director-Stars-Genre-Baseline-Image-Title-SVD-Plot,Tag,1193.json,0,0,0,0,0,0,32.9,1,4,2,54272.json,Tag-Date-All-Director-Stars-Genre-Baseline-Image-Title-SVD-Plot,Tag-Date-All-Director-Stars-Genre-Baseline-Image-Title-SVD-Plot,Date,50872.json,1,0,0,0,0,0,37.24,1,4,2,51255.json,Tag-Date-All-Director-Stars-Genre-Baseline-Image-Title-SVD-Plot,Tag-Date-All-Director-Stars-Genre-Baseline-Image-Title-SVD-Plot,Tag,3535.json,0,0,0,0,0,0,39.43,0,2,1,48780.json,Tag-Date-All-Director-Stars-Genre-Baseline-Image-Title-SVD-Plot,Tag-Date-All-Director-Stars-Genre-Baseline-Image-Title-SVD-Plot,Tag,1625.json,0,0,0,0,0,0,58.53,1,5,1,0,0,0,0,0,1.8,0,0.6,156.2,965.43,TRUE,1,1,25,2,Male,2,3,1,5,1,5,1,4,1,5,1,92.5,1,3,3,2,4,3.4,4,4,4,4,,9,40,35,50,25,20,15,4,2,45,30,0,0,0,0,0,0,0,1,4,0,0
